date,backtest_pnl_usd,sample
2020-01-02,0.000000000000,in_sample
2020-01-03,0.000000000000,in_sample
2020-01-06,-3.880445136360,in_sample
2020-01-07,0.000000000000,in_sample
2020-01-08,0.000000000000,in_sample
2020-01-09,0.000000000000,in_sample
2020-01-10,0.000000000000,in_sample
2020-01-13,0.000000000000,in_sample
2020-01-14,0.000000000000,in_sample
2020-01-15,0.000000000000,in_sample
2020-01-16,0.000000000000,in_sample
2020-01-17,0.000000000000,in_sample
2020-01-21,0.000000000000,in_sample
2020-01-22,0.000000000000,in_sample
2020-01-23,0.000000000000,in_sample
2020-01-24,0.000000000000,in_sample
2020-01-27,0.000000000000,in_sample
2020-01-28,0.000000000000,in_sample
2020-01-29,0.000000000000,in_sample
2020-01-30,-11.865377408263,in_sample
2020-01-31,6.557371947424,in_sample
2020-02-03,0.000000000000,in_sample
2020-02-04,-11.923129909395,in_sample
2020-02-05,11.089150667284,in_sample
2020-02-06,0.000000000000,in_sample
2020-02-07,0.000000000000,in_sample
2020-02-10,0.642444509086,in_sample
2020-02-11,-20.058003212428,in_sample
2020-02-12,-15.048695805474,in_sample
2020-02-13,0.000000000000,in_sample
2020-02-14,0.000000000000,in_sample
2020-02-18,45.327585451591,in_sample
2020-02-19,0.000000000000,in_sample
2020-02-20,0.000000000000,in_sample
2020-02-21,-5.383780066708,in_sample
2020-02-24,-30.563005643018,in_sample
2020-02-25,0.000000000000,in_sample
2020-02-26,0.000000000000,in_sample
2020-02-27,-150.648987234912,in_sample
2020-02-28,0.000000000000,in_sample
2020-03-02,12.548307705248,in_sample
2020-03-03,-47.725006434559,in_sample
2020-03-04,323.383484152362,in_sample
2020-03-05,124.164601855910,in_sample
2020-03-06,-187.213500026677,in_sample
2020-03-09,108.142535021583,in_sample
2020-03-10,130.234024804631,in_sample
2020-03-11,838.118350700770,in_sample
2020-03-12,0.000000000000,in_sample
2020-03-13,569.229518549085,in_sample
2020-03-16,120.968800171302,in_sample
2020-03-17,461.683582602466,in_sample
2020-03-18,929.485246450582,in_sample
2020-03-19,-13.848305034383,in_sample
2020-03-20,-126.258232794819,in_sample
2020-03-23,25.339057824693,in_sample
2020-03-24,762.880063483439,in_sample
2020-03-25,26.731270882126,in_sample
2020-03-26,266.145013089980,in_sample
2020-03-27,-7.821983647509,in_sample
2020-03-30,0.000000000000,in_sample
2020-03-31,0.000000000000,in_sample
2020-04-01,49.485392774318,in_sample
2020-04-02,59.732895130942,in_sample
2020-04-03,0.000000000000,in_sample
2020-04-06,693.467639157458,in_sample
2020-04-07,0.000000000000,in_sample
2020-04-08,35.728711104217,in_sample
2020-04-09,37.521154013428,in_sample
2020-04-13,0.000000000000,in_sample
2020-04-14,-44.078842800988,in_sample
2020-04-15,-288.677746093370,in_sample
2020-04-16,0.000000000000,in_sample
2020-04-17,26.274311689060,in_sample
2020-04-20,-23.038129356410,in_sample
2020-04-21,-38.229061657500,in_sample
2020-04-22,176.307769584035,in_sample
2020-04-23,-1.736974325108,in_sample
2020-04-24,0.000000000000,in_sample
2020-04-27,-2.185020103876,in_sample
2020-04-28,-10.889558443981,in_sample
2020-04-29,132.234561996207,in_sample
2020-04-30,66.359811376377,in_sample
2020-05-01,78.314758793846,in_sample
2020-05-04,0.000000000000,in_sample
2020-05-05,-47.171424297546,in_sample
2020-05-06,-9.172261703400,in_sample
2020-05-07,0.000000000000,in_sample
2020-05-08,51.475368269759,in_sample
2020-05-11,0.000000000000,in_sample
2020-05-12,-12.076569237094,in_sample
2020-05-13,0.000000000000,in_sample
2020-05-14,0.000000000000,in_sample
2020-05-15,-48.689254849951,in_sample
2020-05-18,51.325771146244,in_sample
2020-05-19,15.731813849204,in_sample
2020-05-20,-19.914368318661,in_sample
2020-05-21,3.140939654667,in_sample
2020-05-22,0.000000000000,in_sample
2020-05-26,-67.002049963802,in_sample
2020-05-27,34.494659177770,in_sample
2020-05-28,0.000000000000,in_sample
2020-05-29,-16.172649467537,in_sample
2020-06-01,0.000000000000,in_sample
2020-06-02,0.000000000000,in_sample
2020-06-03,0.000000000000,in_sample
2020-06-04,0.000000000000,in_sample
2020-06-05,-23.174333726235,in_sample
2020-06-08,-9.192712212320,in_sample
2020-06-09,-12.954103524153,in_sample
2020-06-10,0.000000000000,in_sample
2020-06-11,249.233538423764,in_sample
2020-06-12,0.000000000000,in_sample
2020-06-15,-20.507497179973,in_sample
2020-06-16,0.000000000000,in_sample
2020-06-17,0.000000000000,in_sample
2020-06-18,0.000000000000,in_sample
2020-06-19,0.000000000000,in_sample
2020-06-22,0.000000000000,in_sample
2020-06-23,-6.546835815106,in_sample
2020-06-24,0.000000000000,in_sample
2020-06-25,0.000000000000,in_sample
2020-06-26,10.438844556673,in_sample
2020-06-29,0.000000000000,in_sample
2020-06-30,0.000000000000,in_sample
2020-07-01,-28.400520258769,in_sample
2020-07-02,-12.659422986871,in_sample
2020-07-06,50.086749007458,in_sample
2020-07-07,-0.757370710903,in_sample
2020-07-08,0.000000000000,in_sample
2020-07-09,0.000000000000,in_sample
2020-07-10,0.000000000000,in_sample
2020-07-13,0.000000000000,in_sample
2020-07-14,0.000000000000,in_sample
2020-07-15,0.000000000000,in_sample
2020-07-16,0.000000000000,in_sample
2020-07-17,0.000000000000,in_sample
2020-07-20,0.000000000000,in_sample
2020-07-21,8.676571258907,in_sample
2020-07-22,-15.852566130047,in_sample
2020-07-23,0.000000000000,in_sample
2020-07-24,0.000000000000,in_sample
2020-07-27,-53.562395115265,in_sample
2020-07-28,-12.409280053546,in_sample
2020-07-29,0.000000000000,in_sample
2020-07-30,-15.676175411559,in_sample
2020-07-31,0.000000000000,in_sample
2020-08-03,73.724511975458,in_sample
2020-08-04,0.000000000000,in_sample
2020-08-05,0.000000000000,in_sample
2020-08-06,0.000000000000,in_sample
2020-08-07,2.292769210377,in_sample
2020-08-10,32.710841267179,in_sample
2020-08-11,0.000000000000,in_sample
2020-08-12,-20.144225590613,in_sample
2020-08-13,0.000000000000,in_sample
2020-08-14,0.000000000000,in_sample
2020-08-17,21.920368389387,in_sample
2020-08-18,0.000000000000,in_sample
2020-08-19,0.000000000000,in_sample
2020-08-20,0.000000000000,in_sample
2020-08-21,-16.920070578242,in_sample
2020-08-24,0.000000000000,in_sample
2020-08-25,0.000000000000,in_sample
2020-08-26,0.000000000000,in_sample
2020-08-27,3.162259243386,in_sample
2020-08-28,30.911111825107,in_sample
2020-08-31,-52.354621922025,in_sample
2020-09-01,1.111934890493,in_sample
2020-09-02,0.000000000000,in_sample
2020-09-03,241.795378935002,in_sample
2020-09-04,0.000000000000,in_sample
2020-09-08,11.789302820884,in_sample
2020-09-09,51.929245092707,in_sample
2020-09-10,0.000000000000,in_sample
2020-09-11,0.000000000000,in_sample
2020-09-14,38.517835757477,in_sample
2020-09-15,0.000000000000,in_sample
2020-09-16,0.000000000000,in_sample
2020-09-17,0.000000000000,in_sample
2020-09-18,0.000000000000,in_sample
2020-09-21,-5.698281447352,in_sample
2020-09-22,1.158710647801,in_sample
2020-09-23,105.710244620985,in_sample
2020-09-24,0.000000000000,in_sample
2020-09-25,0.000000000000,in_sample
2020-09-28,1.665100925221,in_sample
2020-09-29,53.330967942850,in_sample
2020-09-30,0.000000000000,in_sample
2020-10-01,0.000000000000,in_sample
2020-10-02,15.996122237274,in_sample
2020-10-05,-48.080537953947,in_sample
2020-10-06,29.340234895766,in_sample
2020-10-07,-26.553338865880,in_sample
2020-10-08,0.000000000000,in_sample
2020-10-09,25.618677301380,in_sample
2020-10-12,0.000000000000,in_sample
2020-10-13,-37.460549801643,in_sample
2020-10-14,0.000000000000,in_sample
2020-10-15,-44.051897189191,in_sample
2020-10-16,0.000000000000,in_sample
2020-10-19,0.000000000000,in_sample
2020-10-20,0.000000000000,in_sample
2020-10-21,0.000000000000,in_sample
2020-10-22,0.000000000000,in_sample
2020-10-23,0.000000000000,in_sample
2020-10-26,18.032000231278,in_sample
2020-10-27,0.000000000000,in_sample
2020-10-28,48.696186986817,in_sample
2020-10-29,0.000000000000,in_sample
2020-10-30,52.856723402321,in_sample
2020-11-02,-24.513235964455,in_sample
2020-11-03,0.569779077777,in_sample
2020-11-04,14.479190143601,in_sample
2020-11-05,66.836112942016,in_sample
2020-11-06,0.000000000000,in_sample
2020-11-09,-21.558803497659,in_sample
2020-11-10,0.000000000000,in_sample
2020-11-11,0.000000000000,in_sample
2020-11-12,0.000000000000,in_sample
2020-11-13,0.000000000000,in_sample
2020-11-16,0.000000000000,in_sample
2020-11-17,0.000000000000,in_sample
2020-11-18,0.000000000000,in_sample
2020-11-19,0.000000000000,in_sample
2020-11-20,0.000000000000,in_sample
2020-11-23,41.678421751759,in_sample
2020-11-24,0.000000000000,in_sample
2020-11-25,-23.292690424011,in_sample
2020-11-27,2.921467172328,in_sample
2020-11-30,13.350992449648,in_sample
2020-12-01,11.992901956315,in_sample
2020-12-02,0.000000000000,in_sample
2020-12-03,0.000000000000,in_sample
2020-12-04,26.428520218149,in_sample
2020-12-07,0.000000000000,in_sample
2020-12-08,0.000000000000,in_sample
2020-12-09,0.000000000000,in_sample
2020-12-10,0.000000000000,in_sample
2020-12-11,0.000000000000,in_sample
2020-12-14,-37.833182984202,in_sample
2020-12-15,0.000000000000,in_sample
2020-12-16,0.000000000000,in_sample
2020-12-17,0.000000000000,in_sample
2020-12-18,0.000000000000,in_sample
2020-12-21,0.000000000000,in_sample
2020-12-22,0.000000000000,in_sample
2020-12-23,0.000000000000,in_sample
2020-12-24,0.000000000000,in_sample
2020-12-28,0.000000000000,in_sample
2020-12-29,0.000000000000,in_sample
2020-12-30,0.000000000000,in_sample
2020-12-31,0.000000000000,in_sample
2021-01-04,10.477611979602,in_sample
2021-01-05,-23.769023720593,in_sample
2021-01-06,0.000000000000,in_sample
2021-01-07,0.000000000000,in_sample
2021-01-08,1.103770082554,in_sample
2021-01-11,26.665505437112,in_sample
2021-01-12,0.000000000000,in_sample
2021-01-13,0.000000000000,in_sample
2021-01-14,0.000000000000,in_sample
2021-01-15,6.964023763703,in_sample
2021-01-19,0.000000000000,in_sample
2021-01-20,6.424043828151,in_sample
2021-01-21,-24.736179729337,in_sample
2021-01-22,0.000000000000,in_sample
2021-01-25,28.733201206842,in_sample
2021-01-26,0.000000000000,in_sample
2021-01-27,-22.103082370420,in_sample
2021-01-28,-38.103933192041,in_sample
2021-01-29,6.358402007850,in_sample
2021-02-01,56.983786409860,in_sample
2021-02-02,-34.366954922339,in_sample
2021-02-03,0.000000000000,in_sample
2021-02-04,0.000000000000,in_sample
2021-02-05,0.000000000000,in_sample
2021-02-08,20.387724259782,in_sample
2021-02-09,0.000000000000,in_sample
2021-02-10,0.000000000000,in_sample
2021-02-11,0.000000000000,in_sample
2021-02-12,0.000000000000,in_sample
2021-02-16,0.000000000000,in_sample
2021-02-17,-13.400193056228,in_sample
2021-02-18,-8.204743351289,in_sample
2021-02-19,0.000000000000,in_sample
2021-02-22,-9.829099965969,in_sample
2021-02-23,0.000000000000,in_sample
2021-02-24,-14.443553379241,in_sample
2021-02-25,57.043251847685,in_sample
2021-02-26,0.000000000000,in_sample
2021-03-01,35.299772246005,in_sample
2021-03-02,0.000000000000,in_sample
2021-03-03,-46.843991207750,in_sample
2021-03-04,0.000000000000,in_sample
2021-03-05,0.000000000000,in_sample
2021-03-08,-3.240762780433,in_sample
2021-03-09,56.789424945419,in_sample
2021-03-10,0.000000000000,in_sample
2021-03-11,44.454082034477,in_sample
2021-03-12,-52.190800025137,in_sample
2021-03-15,0.000000000000,in_sample
2021-03-16,0.000000000000,in_sample
2021-03-17,0.000000000000,in_sample
2021-03-18,0.000000000000,in_sample
2021-03-19,0.000000000000,in_sample
2021-03-22,0.000000000000,in_sample
2021-03-23,10.216443139023,in_sample
2021-03-24,0.199326173512,in_sample
2021-03-25,0.000000000000,in_sample
2021-03-26,0.000000000000,in_sample
2021-03-29,0.000000000000,in_sample
2021-03-30,-3.330025396342,in_sample
2021-03-31,0.000000000000,in_sample
2021-04-01,0.000000000000,in_sample
2021-04-05,18.587577620089,in_sample
2021-04-06,0.000000000000,in_sample
2021-04-07,0.000000000000,in_sample
2021-04-08,0.000000000000,in_sample
2021-04-09,0.000000000000,in_sample
2021-04-12,0.000000000000,in_sample
2021-04-13,0.000000000000,in_sample
2021-04-14,0.000000000000,in_sample
2021-04-15,0.000000000000,in_sample
2021-04-16,0.000000000000,in_sample
2021-04-19,0.000000000000,in_sample
2021-04-20,0.000000000000,in_sample
2021-04-21,0.000000000000,in_sample
2021-04-22,0.000000000000,in_sample
2021-04-23,0.000000000000,in_sample
2021-04-26,0.000000000000,in_sample
2021-04-27,0.000000000000,in_sample
2021-04-28,0.000000000000,in_sample
2021-04-29,0.000000000000,in_sample
2021-04-30,0.000000000000,in_sample
2021-05-03,28.439951024748,in_sample
2021-05-04,0.000000000000,in_sample
2021-05-05,0.000000000000,in_sample
2021-05-06,0.000000000000,in_sample
2021-05-07,0.000000000000,in_sample
2021-05-10,0.000000000000,in_sample
2021-05-11,0.000000000000,in_sample
2021-05-12,49.878878871487,in_sample
2021-05-13,-32.332996068497,in_sample
2021-05-14,10.543082921319,in_sample
2021-05-17,-13.361863227324,in_sample
2021-05-18,0.000000000000,in_sample
2021-05-19,0.000000000000,in_sample
2021-05-20,0.000000000000,in_sample
2021-05-21,0.000000000000,in_sample
2021-05-24,0.000000000000,in_sample
2021-05-25,0.000000000000,in_sample
2021-05-26,0.000000000000,in_sample
2021-05-27,0.000000000000,in_sample
2021-05-28,0.000000000000,in_sample
2021-06-01,-25.057682595013,in_sample
2021-06-02,0.000000000000,in_sample
2021-06-03,0.355177959204,in_sample
2021-06-04,0.000000000000,in_sample
2021-06-07,0.000000000000,in_sample
2021-06-08,0.000000000000,in_sample
2021-06-09,0.000000000000,in_sample
2021-06-10,0.000000000000,in_sample
2021-06-11,0.000000000000,in_sample
2021-06-14,0.000000000000,in_sample
2021-06-15,0.000000000000,in_sample
2021-06-16,0.000000000000,in_sample
2021-06-17,0.000000000000,in_sample
2021-06-18,0.000000000000,in_sample
2021-06-21,0.000000000000,in_sample
2021-06-22,0.000000000000,in_sample
2021-06-23,0.000000000000,in_sample
2021-06-24,0.000000000000,in_sample
2021-06-25,0.000000000000,in_sample
2021-06-28,0.000000000000,in_sample
2021-06-29,24.608528798252,in_sample
2021-06-30,0.000000000000,in_sample
2021-07-01,0.000000000000,in_sample
2021-07-02,0.000000000000,in_sample
2021-07-06,5.440864295879,in_sample
2021-07-07,31.104585812894,in_sample
2021-07-08,0.000000000000,in_sample
2021-07-09,0.000000000000,in_sample
2021-07-12,0.000000000000,in_sample
2021-07-13,0.000000000000,in_sample
2021-07-14,0.000000000000,in_sample
2021-07-15,0.000000000000,in_sample
2021-07-16,0.000000000000,in_sample
2021-07-19,0.000000000000,in_sample
2021-07-20,18.818139257371,in_sample
2021-07-21,0.000000000000,in_sample
2021-07-22,0.000000000000,in_sample
2021-07-23,-3.476721025673,in_sample
2021-07-26,0.000000000000,in_sample
2021-07-27,-8.012859809334,in_sample
2021-07-28,0.000000000000,in_sample
2021-07-29,0.000000000000,in_sample
2021-07-30,-19.285310152025,in_sample
2021-08-02,0.000000000000,in_sample
2021-08-03,0.000000000000,in_sample
2021-08-04,0.000000000000,in_sample
2021-08-05,0.000000000000,in_sample
2021-08-06,0.000000000000,in_sample
2021-08-09,0.000000000000,in_sample
2021-08-10,0.000000000000,in_sample
2021-08-11,-8.095303752219,in_sample
2021-08-12,0.000000000000,in_sample
2021-08-13,0.000000000000,in_sample
2021-08-16,-19.273174097223,in_sample
2021-08-17,0.000000000000,in_sample
2021-08-18,0.000000000000,in_sample
2021-08-19,0.000000000000,in_sample
2021-08-20,0.000000000000,in_sample
2021-08-23,33.784157835968,in_sample
2021-08-24,17.844469518505,in_sample
2021-08-25,0.000000000000,in_sample
2021-08-26,0.000000000000,in_sample
2021-08-27,11.105391677224,in_sample
2021-08-30,-28.663030325106,in_sample
2021-08-31,0.000000000000,in_sample
2021-09-01,0.000000000000,in_sample
2021-09-02,0.000000000000,in_sample
2021-09-03,0.000000000000,in_sample
2021-09-07,0.000000000000,in_sample
2021-09-08,10.560006412836,in_sample
2021-09-09,0.000000000000,in_sample
2021-09-10,0.000000000000,in_sample
2021-09-13,-21.198198614189,in_sample
2021-09-14,0.000000000000,in_sample
2021-09-15,4.259250266137,in_sample
2021-09-16,-23.605023659598,in_sample
2021-09-17,0.000000000000,in_sample
2021-09-20,-29.849505538835,in_sample
2021-09-21,0.000000000000,in_sample
2021-09-22,-6.308000809559,in_sample
2021-09-23,0.000000000000,in_sample
2021-09-24,0.000000000000,in_sample
2021-09-27,0.000000000000,in_sample
2021-09-28,0.000000000000,in_sample
2021-09-29,0.000000000000,in_sample
2021-09-30,0.000000000000,in_sample
2021-10-01,21.238983875530,in_sample
2021-10-04,0.000000000000,in_sample
2021-10-05,12.777895714935,in_sample
2021-10-06,23.004950864406,in_sample
2021-10-07,0.000000000000,in_sample
2021-10-08,-4.413820588681,in_sample
2021-10-11,0.000000000000,in_sample
2021-10-12,0.000000000000,in_sample
2021-10-13,0.000000000000,in_sample
2021-10-14,0.000000000000,in_sample
2021-10-15,0.000000000000,in_sample
2021-10-18,0.000000000000,in_sample
2021-10-19,21.618721980178,in_sample
2021-10-20,0.000000000000,in_sample
2021-10-21,15.498999920539,in_sample
2021-10-22,-41.997432865255,in_sample
2021-10-25,55.485264217121,in_sample
2021-10-26,-34.481564270331,in_sample
2021-10-27,16.827158844168,in_sample
2021-10-28,0.000000000000,in_sample
2021-10-29,0.000000000000,in_sample
2021-11-01,0.000000000000,in_sample
2021-11-02,-20.836645251625,in_sample
2021-11-03,0.000000000000,in_sample
2021-11-04,0.000000000000,in_sample
2021-11-05,0.000000000000,in_sample
2021-11-08,0.000000000000,in_sample
2021-11-09,-8.675341823921,in_sample
2021-11-10,0.000000000000,in_sample
2021-11-11,4.507045822586,in_sample
2021-11-12,48.301507773686,in_sample
2021-11-15,0.000000000000,in_sample
2021-11-16,0.000000000000,in_sample
2021-11-17,0.000000000000,in_sample
2021-11-18,0.000000000000,in_sample
2021-11-19,4.279140552301,in_sample
2021-11-22,0.000000000000,in_sample
2021-11-23,0.000000000000,in_sample
2021-11-24,0.000000000000,in_sample
2021-11-26,-99.807910275558,in_sample
2021-11-29,-51.011969319875,in_sample
2021-11-30,-35.316125809309,in_sample
2021-12-01,70.509225899770,in_sample
2021-12-02,3.120255900882,in_sample
2021-12-03,0.000000000000,in_sample
2021-12-06,0.000000000000,in_sample
2021-12-07,71.868724386313,in_sample
2021-12-08,0.000000000000,in_sample
2021-12-09,-23.517056758136,in_sample
2021-12-10,-0.890695180669,in_sample
2021-12-13,-20.824304825906,in_sample
2021-12-14,0.000000000000,in_sample
2021-12-15,-7.547325926574,in_sample
2021-12-16,15.305895417463,in_sample
2021-12-17,0.000000000000,in_sample
2021-12-20,-29.769534119156,in_sample
2021-12-21,0.000000000000,in_sample
2021-12-22,-20.119611544839,in_sample
2021-12-23,0.000000000000,in_sample
2021-12-27,53.166337144453,in_sample
2021-12-28,0.000000000000,in_sample
2021-12-29,0.000000000000,in_sample
2021-12-30,-5.596262535357,in_sample
2021-12-31,16.040071566011,in_sample
2022-01-03,0.000000000000,in_sample
2022-01-04,0.000000000000,in_sample
2022-01-05,1.118190383657,in_sample
2022-01-06,0.000000000000,in_sample
2022-01-07,0.000000000000,in_sample
2022-01-10,0.000000000000,in_sample
2022-01-11,0.000000000000,in_sample
2022-01-12,0.000000000000,in_sample
2022-01-13,39.495079835176,in_sample
2022-01-14,0.000000000000,in_sample
2022-01-18,67.796736998047,in_sample
2022-01-19,0.000000000000,in_sample
2022-01-20,-40.936117324577,in_sample
2022-01-21,0.000000000000,in_sample
2022-01-24,53.984783095265,in_sample
2022-01-25,-117.036348030346,in_sample
2022-01-26,-279.453996002999,in_sample
2022-01-27,0.000000000000,in_sample
2022-01-28,0.000000000000,in_sample
2022-01-31,15.857524937759,in_sample
2022-02-01,-32.073950596010,in_sample
2022-02-02,0.000000000000,in_sample
2022-02-03,45.698808689110,in_sample
2022-02-04,109.072014185650,in_sample
2022-02-07,0.000000000000,in_sample
2022-02-08,0.000000000000,in_sample
2022-02-09,0.000000000000,in_sample
2022-02-10,2.359256014939,in_sample
2022-02-11,0.000000000000,in_sample
2022-02-14,0.000000000000,in_sample
2022-02-15,57.434542395058,in_sample
2022-02-16,37.556416622017,in_sample
2022-02-17,0.000000000000,in_sample
2022-02-18,0.000000000000,in_sample
2022-02-22,-23.102298611013,in_sample
2022-02-23,0.000000000000,in_sample
2022-02-24,0.000000000000,in_sample
2022-02-25,0.000000000000,in_sample
2022-02-28,0.000000000000,in_sample
2022-03-01,0.000000000000,in_sample
2022-03-02,0.000000000000,in_sample
2022-03-03,0.000000000000,in_sample
2022-03-04,0.000000000000,in_sample
2022-03-07,0.000000000000,in_sample
2022-03-08,-20.423456914486,in_sample
2022-03-09,224.383904922919,in_sample
2022-03-10,-90.783192073612,in_sample
2022-03-11,0.000000000000,in_sample
2022-03-14,47.333499219595,in_sample
2022-03-15,-26.405312378769,in_sample
2022-03-16,0.000000000000,in_sample
2022-03-17,14.201053112882,in_sample
2022-03-18,0.000000000000,in_sample
2022-03-21,-9.551880351553,in_sample
2022-03-22,-4.729260550741,in_sample
2022-03-23,-25.214011138240,in_sample
2022-03-24,0.000000000000,in_sample
2022-03-25,0.000000000000,in_sample
2022-03-28,9.892863100806,in_sample
2022-03-29,0.000000000000,in_sample
2022-03-30,16.599746392393,in_sample
2022-03-31,0.000000000000,in_sample
2022-04-01,0.000000000000,in_sample
2022-04-04,6.163108890364,in_sample
2022-04-05,-17.106769259754,in_sample
2022-04-06,0.000000000000,in_sample
2022-04-07,0.000000000000,in_sample
2022-04-08,0.000000000000,in_sample
2022-04-11,25.414334058692,in_sample
2022-04-12,-21.116296895427,in_sample
2022-04-13,0.000000000000,in_sample
2022-04-14,0.000000000000,in_sample
2022-04-18,0.000000000000,in_sample
2022-04-19,-47.670160848554,in_sample
2022-04-20,27.776968584104,in_sample
2022-04-21,0.000000000000,in_sample
2022-04-22,0.000000000000,in_sample
2022-04-25,-21.983978860745,in_sample
2022-04-26,0.000000000000,in_sample
2022-04-27,-12.497597148485,in_sample
2022-04-28,114.702566247021,in_sample
2022-04-29,39.661218030938,in_sample
2022-05-02,0.000000000000,in_sample
2022-05-03,0.000000000000,in_sample
2022-05-04,0.000000000000,in_sample
2022-05-05,342.587862351434,in_sample
2022-05-06,0.000000000000,in_sample
2022-05-09,233.813869577759,in_sample
2022-05-10,-188.617891859401,in_sample
2022-05-11,0.000000000000,in_sample
2022-05-12,0.000000000000,in_sample
2022-05-13,8.133616534279,in_sample
2022-05-16,0.000000000000,in_sample
2022-05-17,12.307895392134,in_sample
2022-05-18,98.580074590379,in_sample
2022-05-19,26.183015725190,in_sample
2022-05-20,0.000000000000,in_sample
2022-05-23,0.000000000000,in_sample
2022-05-24,-41.867423505496,in_sample
2022-05-25,0.000000000000,in_sample
2022-05-26,0.000000000000,in_sample
2022-05-27,0.000000000000,in_sample
2022-05-31,-49.214752480729,in_sample
2022-06-01,2.041474086815,in_sample
2022-06-02,0.000000000000,in_sample
2022-06-03,32.696457635814,in_sample
2022-06-06,-84.810005020921,in_sample
2022-06-07,0.000000000000,in_sample
2022-06-08,0.000000000000,in_sample
2022-06-09,0.000000000000,in_sample
2022-06-10,0.000000000000,in_sample
2022-06-13,61.238870343077,in_sample
2022-06-14,0.000000000000,in_sample
2022-06-15,-30.067326633839,in_sample
2022-06-16,135.665217961155,in_sample
2022-06-17,0.000000000000,in_sample
2022-06-21,-22.385647428084,in_sample
2022-06-22,0.000000000000,in_sample
2022-06-23,0.000000000000,in_sample
2022-06-24,0.000000000000,in_sample
2022-06-27,0.000000000000,in_sample
2022-06-28,0.000000000000,in_sample
2022-06-29,0.000000000000,in_sample
2022-06-30,0.000000000000,in_sample
2022-07-01,-72.249440846830,in_sample
2022-07-05,-7.444393284030,in_sample
2022-07-06,0.000000000000,in_sample
2022-07-07,74.440484840342,in_sample
2022-07-08,0.000000000000,in_sample
2022-07-11,0.020372647598,in_sample
2022-07-12,-24.349761694089,in_sample
2022-07-13,100.427695924769,in_sample
2022-07-14,-39.411212984816,in_sample
2022-07-15,0.000000000000,in_sample
2022-07-18,-15.365070813667,in_sample
2022-07-19,0.000000000000,in_sample
2022-07-20,0.000000000000,in_sample
2022-07-21,-23.444161237871,in_sample
2022-07-22,0.000000000000,in_sample
2022-07-25,6.476267467494,in_sample
2022-07-26,0.000000000000,in_sample
2022-07-27,150.968837141660,in_sample
2022-07-28,0.000000000000,in_sample
2022-07-29,0.000000000000,in_sample
2022-08-01,-41.380670377555,in_sample
2022-08-02,-9.651908065718,in_sample
2022-08-03,0.000000000000,in_sample
2022-08-04,0.000000000000,in_sample
2022-08-05,-0.810469936191,in_sample
2022-08-08,-14.327018374199,in_sample
2022-08-09,-19.117067420708,in_sample
2022-08-10,-4.184311464504,in_sample
2022-08-11,0.000000000000,in_sample
2022-08-12,0.000000000000,in_sample
2022-08-15,-24.831968613366,in_sample
2022-08-16,0.000000000000,in_sample
2022-08-17,0.000000000000,in_sample
2022-08-18,0.000000000000,in_sample
2022-08-19,0.000000000000,in_sample
2022-08-22,0.000000000000,in_sample
2022-08-23,0.000000000000,in_sample
2022-08-24,0.000000000000,in_sample
2022-08-25,0.000000000000,in_sample
2022-08-26,0.000000000000,in_sample
2022-08-29,0.000000000000,in_sample
2022-08-30,2.777447031566,in_sample
2022-08-31,-13.877806314979,in_sample
2022-09-01,9.724364649190,in_sample
2022-09-02,6.063072489857,in_sample
2022-09-06,0.000000000000,in_sample
2022-09-07,0.000000000000,in_sample
2022-09-08,-22.524660554467,in_sample
2022-09-09,8.344841626565,in_sample
2022-09-12,0.000000000000,in_sample
2022-09-13,405.414358117035,in_sample
2022-09-14,0.000000000000,in_sample
2022-09-15,28.520485307288,in_sample
2022-09-16,0.000000000000,in_sample
2022-09-19,0.000000000000,in_sample
2022-09-20,-20.760887523878,in_sample
2022-09-21,0.000000000000,in_sample
2022-09-22,0.000000000000,in_sample
2022-09-23,-0.043425968865,in_sample
2022-09-26,0.000000000000,in_sample
2022-09-27,-9.547166075851,in_sample
2022-09-28,69.399509297577,in_sample
2022-09-29,-36.402278235429,in_sample
2022-09-30,0.000000000000,in_sample
2022-10-03,-41.797855252952,in_sample
2022-10-04,-12.869587395759,in_sample
2022-10-05,-68.156067202337,in_sample
2022-10-06,0.000000000000,in_sample
2022-10-07,72.426890640320,in_sample
2022-10-10,0.000000000000,in_sample
2022-10-11,0.000000000000,in_sample
2022-10-12,0.000000000000,in_sample
2022-10-13,0.000000000000,in_sample
2022-10-14,0.000000000000,in_sample
2022-10-17,9.792458386312,in_sample
2022-10-18,0.000000000000,in_sample
2022-10-19,-1.219942309022,in_sample
2022-10-20,0.000000000000,in_sample
2022-10-21,-22.373320442293,in_sample
2022-10-24,-101.077556690984,in_sample
2022-10-25,0.000000000000,in_sample
2022-10-26,0.000000000000,in_sample
2022-10-27,6.155066679463,in_sample
2022-10-28,0.000000000000,in_sample
2022-10-31,-1.657904068307,in_sample
2022-11-01,-29.275107140892,in_sample
2022-11-02,-4.372375674536,in_sample
2022-11-03,0.000000000000,in_sample
2022-11-04,169.095123897350,in_sample
2022-11-07,0.000000000000,in_sample
2022-11-08,0.000000000000,in_sample
2022-11-09,16.180689385697,in_sample
2022-11-10,368.639368272147,in_sample
2022-11-11,0.000000000000,in_sample
2022-11-14,0.000000000000,in_sample
2022-11-15,-206.284161908090,in_sample
2022-11-16,0.000000000000,in_sample
2022-11-17,-30.477830525552,in_sample
2022-11-18,1.283906860300,in_sample
2022-11-21,-25.941744599433,in_sample
2022-11-22,12.088601370362,in_sample
2022-11-23,0.000000000000,in_sample
2022-11-25,0.000000000000,in_sample
2022-11-28,-3.261351478113,in_sample
2022-11-29,-0.961682914503,in_sample
2022-11-30,-0.370662632601,in_sample
2022-12-01,0.000000000000,in_sample
2022-12-02,0.000000000000,in_sample
2022-12-05,11.874920910739,in_sample
2022-12-06,0.000000000000,in_sample
2022-12-07,-15.400653544198,in_sample
2022-12-08,0.000000000000,in_sample
2022-12-09,0.000000000000,in_sample
2022-12-12,101.936366876545,in_sample
2022-12-13,-32.000162027056,in_sample
2022-12-14,42.678513671485,in_sample
2022-12-15,51.407664400342,in_sample
2022-12-16,-17.306170435346,in_sample
2022-12-19,25.413289800747,in_sample
2022-12-20,0.000000000000,in_sample
2022-12-21,0.000000000000,in_sample
2022-12-22,0.000000000000,in_sample
2022-12-23,0.000000000000,in_sample
2022-12-27,0.685132758859,in_sample
2022-12-28,-35.533466728274,in_sample
2022-12-29,-32.908011751669,in_sample
2022-12-30,-87.846146624595,in_sample
2023-01-03,98.494735148370,in_sample
2023-01-04,0.000000000000,in_sample
2023-01-05,19.548892111260,in_sample
2023-01-06,0.000000000000,in_sample
2023-01-09,-43.214869986631,in_sample
2023-01-10,-19.326212725495,in_sample
2023-01-11,0.000000000000,in_sample
2023-01-12,0.000000000000,in_sample
2023-01-13,0.000000000000,in_sample
2023-01-17,0.000000000000,in_sample
2023-01-18,-27.578563185703,in_sample
2023-01-19,0.000000000000,in_sample
2023-01-20,0.000000000000,in_sample
2023-01-23,-39.359554367518,in_sample
2023-01-24,0.000000000000,in_sample
2023-01-25,-138.210827036376,in_sample
2023-01-26,0.000000000000,in_sample
2023-01-27,0.000000000000,in_sample
2023-01-30,22.008977246057,in_sample
2023-01-31,0.000000000000,in_sample
2023-02-01,57.180625009815,in_sample
2023-02-02,0.000000000000,in_sample
2023-02-03,0.000000000000,in_sample
2023-02-06,0.000000000000,in_sample
2023-02-07,0.000000000000,in_sample
2023-02-08,44.613069512556,in_sample
2023-02-09,0.000000000000,in_sample
2023-02-10,0.000000000000,in_sample
2023-02-13,-23.465321300510,in_sample
2023-02-14,0.000000000000,in_sample
2023-02-15,-44.176138049832,in_sample
2023-02-16,31.046051675817,in_sample
2023-02-17,0.000000000000,in_sample
2023-02-21,0.000000000000,in_sample
2023-02-22,50.713087061662,in_sample
2023-02-23,-5.827385816797,in_sample
2023-02-24,-38.997115820686,in_sample
2023-02-27,4.423923386421,in_sample
2023-02-28,0.000000000000,in_sample
2023-03-01,0.000000000000,in_sample
2023-03-02,0.000000000000,in_sample
2023-03-03,0.000000000000,in_sample
2023-03-06,28.399963060943,in_sample
2023-03-07,0.000000000000,in_sample
2023-03-08,0.294211305599,in_sample
2023-03-09,0.000000000000,in_sample
2023-03-10,-45.282791610680,in_sample
2023-03-13,43.395710256446,in_sample
2023-03-14,0.000000000000,in_sample
2023-03-15,12.130298475246,in_sample
2023-03-16,0.000000000000,in_sample
2023-03-17,11.833374770784,in_sample
2023-03-20,0.000000000000,in_sample
2023-03-21,-29.638075379756,in_sample
2023-03-22,0.000000000000,in_sample
2023-03-23,-34.048388113335,in_sample
2023-03-24,-23.780882138846,in_sample
2023-03-27,-9.500436163070,in_sample
2023-03-28,1.098157770643,in_sample
2023-03-29,0.000000000000,in_sample
2023-03-30,10.687902969957,in_sample
2023-03-31,-42.207595146228,in_sample
2023-04-03,-0.999163241745,in_sample
2023-04-04,0.000000000000,in_sample
2023-04-05,0.000000000000,in_sample
2023-04-06,0.000000000000,in_sample
2023-04-10,-15.781658973835,in_sample
2023-04-11,0.000000000000,in_sample
2023-04-12,51.843462527008,in_sample
2023-04-13,-44.206635837266,in_sample
2023-04-14,0.000000000000,in_sample
2023-04-17,-0.007549276872,in_sample
2023-04-18,0.000000000000,in_sample
2023-04-19,-14.647857901739,in_sample
2023-04-20,10.528172408503,in_sample
2023-04-21,0.000000000000,in_sample
2023-04-24,0.000000000000,in_sample
2023-04-25,0.000000000000,in_sample
2023-04-26,-27.762409945582,in_sample
2023-04-27,44.914301402151,in_sample
2023-04-28,0.000000000000,in_sample
2023-05-01,0.000000000000,in_sample
2023-05-02,0.000000000000,in_sample
2023-05-03,0.000000000000,in_sample
2023-05-04,0.000000000000,in_sample
2023-05-05,-15.322055257491,in_sample
2023-05-08,5.070482443909,in_sample
2023-05-09,0.000000000000,in_sample
2023-05-10,-19.395556396172,in_sample
2023-05-11,0.000000000000,in_sample
2023-05-12,0.000000000000,in_sample
2023-05-15,18.671897673644,in_sample
2023-05-16,0.000000000000,in_sample
2023-05-17,0.000000000000,in_sample
2023-05-18,-27.603995896062,in_sample
2023-05-19,0.000000000000,in_sample
2023-05-22,0.000000000000,in_sample
2023-05-23,0.000000000000,in_sample
2023-05-24,-19.599055438592,in_sample
2023-05-25,36.403459136402,in_sample
2023-05-26,0.000000000000,in_sample
2023-05-30,-32.929090830662,in_sample
2023-05-31,0.000000000000,in_sample
2023-06-01,0.000000000000,in_sample
2023-06-02,13.137331841806,in_sample
2023-06-05,-27.915725646093,in_sample
2023-06-06,0.000000000000,in_sample
2023-06-07,0.000000000000,in_sample
2023-06-08,0.000000000000,in_sample
2023-06-09,-19.157737531235,in_sample
2023-06-12,0.000000000000,in_sample
2023-06-13,0.000000000000,in_sample
2023-06-14,0.000000000000,in_sample
2023-06-15,29.668996730682,in_sample
2023-06-16,0.000000000000,in_sample
2023-06-20,-0.459655757956,in_sample
2023-06-21,0.000000000000,in_sample
2023-06-22,0.000000000000,in_sample
2023-06-23,0.000000000000,in_sample
2023-06-26,0.000000000000,in_sample
2023-06-27,0.000000000000,in_sample
2023-06-28,0.000000000000,in_sample
2023-06-29,0.000000000000,in_sample
2023-06-30,0.000000000000,in_sample
2023-07-03,-30.733745579245,in_sample
2023-07-05,0.000000000000,in_sample
2023-07-06,0.157174480118,in_sample
2023-07-07,0.000000000000,in_sample
2023-07-10,-21.264122194398,in_sample
2023-07-11,0.000000000000,in_sample
2023-07-12,41.137374045139,in_sample
2023-07-13,0.000000000000,in_sample
2023-07-14,0.000000000000,in_sample
2023-07-17,0.000000000000,in_sample
2023-07-18,0.000000000000,in_sample
2023-07-19,0.000000000000,in_sample
2023-07-20,28.410396403566,in_sample
2023-07-21,0.000000000000,in_sample
2023-07-24,0.000000000000,in_sample
2023-07-25,0.000000000000,in_sample
2023-07-26,-28.362097603430,in_sample
2023-07-27,5.175173876649,in_sample
2023-07-28,2.675473070895,in_sample
2023-07-31,0.000000000000,in_sample
2023-08-01,1.207964836056,in_sample
2023-08-02,23.187896844623,in_sample
2023-08-03,15.041698834214,in_sample
2023-08-04,0.000000000000,in_sample
2023-08-07,31.850064077136,in_sample
2023-08-08,0.000000000000,in_sample
2023-08-09,0.000000000000,in_sample
2023-08-10,-14.879262033435,in_sample
2023-08-11,-4.323755596440,in_sample
2023-08-14,0.000000000000,in_sample
2023-08-15,0.000000000000,in_sample
2023-08-16,0.000000000000,in_sample
2023-08-17,0.000000000000,in_sample
2023-08-18,0.000000000000,in_sample
2023-08-21,0.000000000000,in_sample
2023-08-22,0.000000000000,in_sample
2023-08-23,0.000000000000,in_sample
2023-08-24,0.000000000000,in_sample
2023-08-25,0.000000000000,in_sample
2023-08-28,0.000000000000,in_sample
2023-08-29,0.000000000000,in_sample
2023-08-30,0.000000000000,in_sample
2023-08-31,192.826057139520,in_sample
2023-09-01,0.000000000000,in_sample
2023-09-05,175.760393033139,in_sample
2023-09-06,0.000000000000,in_sample
2023-09-07,-76.074206954703,in_sample
2023-09-08,0.000000000000,in_sample
2023-09-11,44.996945637482,in_sample
2023-09-12,0.000000000000,in_sample
2023-09-13,0.000000000000,in_sample
2023-09-14,2.834635482240,in_sample
2023-09-15,0.000000000000,in_sample
2023-09-18,0.000000000000,in_sample
2023-09-19,0.000000000000,in_sample
2023-09-20,0.000000000000,in_sample
2023-09-21,0.000000000000,in_sample
2023-09-22,0.000000000000,in_sample
2023-09-25,0.000000000000,in_sample
2023-09-26,-85.447476210297,in_sample
2023-09-27,-91.159823651186,in_sample
2023-09-28,0.000000000000,in_sample
2023-09-29,0.000000000000,in_sample
2023-10-02,0.000000000000,in_sample
2023-10-03,-7.173970578449,in_sample
2023-10-04,0.000000000000,in_sample
2023-10-05,0.000000000000,in_sample
2023-10-06,0.000000000000,in_sample
2023-10-09,0.000000000000,in_sample
2023-10-10,0.000000000000,in_sample
2023-10-11,-26.401804014856,in_sample
2023-10-12,0.000000000000,in_sample
2023-10-13,10.691852226088,in_sample
2023-10-16,0.000000000000,in_sample
2023-10-17,0.000000000000,in_sample
2023-10-18,119.509041782208,in_sample
2023-10-19,0.000000000000,in_sample
2023-10-20,0.000000000000,in_sample
2023-10-23,0.000000000000,in_sample
2023-10-24,-8.763987239367,in_sample
2023-10-25,0.000000000000,in_sample
2023-10-26,0.000000000000,in_sample
2023-10-27,0.000000000000,in_sample
2023-10-30,0.000000000000,in_sample
2023-10-31,41.352140820998,in_sample
2023-11-01,0.000000000000,in_sample
2023-11-02,3.469668972842,in_sample
2023-11-03,0.000000000000,in_sample
2023-11-06,8.348018678666,in_sample
2023-11-07,0.000000000000,in_sample
2023-11-08,-7.285484359735,in_sample
2023-11-09,-67.167045643765,in_sample
2023-11-10,0.000000000000,in_sample
2023-11-13,7.711409357987,in_sample
2023-11-14,49.074538067298,in_sample
2023-11-15,28.999914920437,in_sample
2023-11-16,-5.557087436148,in_sample
2023-11-17,0.000000000000,in_sample
2023-11-20,1.031202886959,in_sample
2023-11-21,0.000000000000,in_sample
2023-11-22,0.000000000000,in_sample
2023-11-24,0.000000000000,in_sample
2023-11-27,-15.927347088830,in_sample
2023-11-28,0.000000000000,in_sample
2023-11-29,0.913387520511,in_sample
2023-11-30,0.000000000000,in_sample
2023-12-01,0.000000000000,in_sample
2023-12-04,-33.295121446434,in_sample
2023-12-05,0.000000000000,in_sample
2023-12-06,0.000000000000,in_sample
2023-12-07,0.000000000000,in_sample
2023-12-08,0.000000000000,in_sample
2023-12-11,55.889403531877,in_sample
2023-12-12,24.648913280813,in_sample
2023-12-13,0.000000000000,in_sample
2023-12-14,0.000000000000,in_sample
2023-12-15,0.000000000000,in_sample
2023-12-18,-11.354128483187,in_sample
2023-12-19,0.000000000000,in_sample
2023-12-20,6.290894595224,in_sample
2023-12-21,27.292087934064,in_sample
2023-12-22,0.000000000000,in_sample
2023-12-26,29.873543634629,in_sample
2023-12-27,-5.624879244497,in_sample
2023-12-28,21.549757379969,in_sample
2023-12-29,0.000000000000,in_sample
2024-01-02,1.754951778401,in_sample
2024-01-03,-25.426395594991,in_sample
2024-01-04,22.062375765567,in_sample
2024-01-05,0.000000000000,in_sample
2024-01-08,34.847744278035,in_sample
2024-01-09,0.000000000000,in_sample
2024-01-10,26.492167878761,in_sample
2024-01-11,0.000000000000,in_sample
2024-01-12,83.978073788245,in_sample
2024-01-16,-7.117552004691,in_sample
2024-01-17,-33.696029985029,in_sample
2024-01-18,-17.012282043868,in_sample
2024-01-19,0.000000000000,in_sample
2024-01-22,-40.871106825521,in_sample
2024-01-23,0.000000000000,in_sample
2024-01-24,0.000000000000,in_sample
2024-01-25,0.000000000000,in_sample
2024-01-26,43.639806715138,in_sample
2024-01-29,31.206506592574,in_sample
2024-01-30,0.000000000000,in_sample
2024-01-31,0.000000000000,in_sample
2024-02-01,0.000000000000,in_sample
2024-02-02,-13.107145959973,in_sample
2024-02-05,0.000000000000,in_sample
2024-02-06,20.254160580512,in_sample
2024-02-07,-8.835884110910,in_sample
2024-02-08,0.000000000000,in_sample
2024-02-09,0.000000000000,in_sample
2024-02-12,0.000000000000,in_sample
2024-02-13,-125.957861186185,in_sample
2024-02-14,0.000000000000,in_sample
2024-02-15,0.000000000000,in_sample
2024-02-16,0.000000000000,in_sample
2024-02-20,-19.844610155839,in_sample
2024-02-21,15.461199909124,in_sample
2024-02-22,-13.481646092919,in_sample
2024-02-23,11.363399586098,in_sample
2024-02-26,-8.454279292957,in_sample
2024-02-27,-19.461471669952,in_sample
2024-02-28,3.496727320076,in_sample
2024-02-29,-58.533823730750,in_sample
2024-03-01,0.000000000000,in_sample
2024-03-04,39.453479577264,in_sample
2024-03-05,0.000000000000,in_sample
2024-03-06,-26.637336191596,in_sample
2024-03-07,0.000000000000,in_sample
2024-03-08,0.000000000000,in_sample
2024-03-11,31.999683697629,in_sample
2024-03-12,29.799361475286,in_sample
2024-03-13,0.000000000000,in_sample
2024-03-14,0.000000000000,in_sample
2024-03-15,18.888279129584,in_sample
2024-03-18,61.328202727528,in_sample
2024-03-19,-60.442337645424,in_sample
2024-03-20,0.000000000000,in_sample
2024-03-21,0.000000000000,in_sample
2024-03-22,0.000000000000,in_sample
2024-03-25,0.000000000000,in_sample
2024-03-26,0.000000000000,in_sample
2024-03-27,0.000000000000,in_sample
2024-03-28,-46.613365980648,in_sample
2024-04-01,4.978108059858,in_sample
2024-04-02,-19.861862050365,in_sample
2024-04-03,0.000000000000,in_sample
2024-04-04,38.585252790139,in_sample
2024-04-05,0.000000000000,in_sample
2024-04-08,0.000000000000,in_sample
2024-04-09,-39.023510689779,in_sample
2024-04-10,-32.619622125555,in_sample
2024-04-11,0.000000000000,in_sample
2024-04-12,14.972395272081,in_sample
2024-04-15,0.000000000000,in_sample
2024-04-16,0.000000000000,in_sample
2024-04-17,-18.021712334876,in_sample
2024-04-18,58.773126422170,in_sample
2024-04-19,54.628362762830,in_sample
2024-04-22,-2.399580538751,in_sample
2024-04-23,-5.415083039887,in_sample
2024-04-24,-3.033931690451,in_sample
2024-04-25,0.000000000000,in_sample
2024-04-26,0.000000000000,in_sample
2024-04-29,13.742143716372,in_sample
2024-04-30,46.864067260608,in_sample
2024-05-01,147.907434613525,in_sample
2024-05-02,50.587474203297,in_sample
2024-05-03,-85.062339384072,in_sample
2024-05-06,0.000000000000,in_sample
2024-05-07,0.000000000000,in_sample
2024-05-08,0.000000000000,in_sample
2024-05-09,0.000000000000,in_sample
2024-05-10,0.000000000000,in_sample
2024-05-13,0.000000000000,in_sample
2024-05-14,0.000000000000,in_sample
2024-05-15,109.176770337024,in_sample
2024-05-16,0.000000000000,in_sample
2024-05-17,55.832661559686,in_sample
2024-05-20,0.000000000000,in_sample
2024-05-21,0.000000000000,in_sample
2024-05-22,5.059761045117,in_sample
2024-05-23,-5.037321019999,in_sample
2024-05-24,0.000000000000,in_sample
2024-05-28,-13.319299839103,in_sample
2024-05-29,20.649014793322,in_sample
2024-05-30,0.000000000000,in_sample
2024-05-31,-10.588574545540,in_sample
2024-06-03,85.427811648658,in_sample
2024-06-04,-13.619794966953,in_sample
2024-06-05,0.000000000000,in_sample
2024-06-06,0.000000000000,in_sample
2024-06-07,34.407845755000,in_sample
2024-06-10,-1.302086617174,in_sample
2024-06-11,-88.444909969518,in_sample
2024-06-12,-29.625401892920,in_sample
2024-06-13,-20.088427687127,in_sample
2024-06-14,0.000000000000,in_sample
2024-06-17,0.000000000000,in_sample
2024-06-18,-33.347260864208,in_sample
2024-06-20,25.955428744694,in_sample
2024-06-21,0.000000000000,in_sample
2024-06-24,27.925503628381,in_sample
2024-06-25,76.457346088269,in_sample
2024-06-26,0.000000000000,in_sample
2024-06-27,0.000000000000,in_sample
2024-06-28,0.000000000000,in_sample
2024-07-01,7.355740391504,in_sample
2024-07-02,0.000000000000,in_sample
2024-07-03,-3.419009270971,in_sample
2024-07-05,57.465951187740,in_sample
2024-07-08,0.000000000000,in_sample
2024-07-09,-18.428668485168,in_sample
2024-07-10,1.064764569657,in_sample
2024-07-11,0.000000000000,in_sample
2024-07-12,0.000000000000,in_sample
2024-07-15,31.392346752118,in_sample
2024-07-16,0.000000000000,in_sample
2024-07-17,168.693929644650,in_sample
2024-07-18,0.000000000000,in_sample
2024-07-19,0.000000000000,in_sample
2024-07-22,-0.920115302034,in_sample
2024-07-23,21.725728716756,in_sample
2024-07-24,71.945166805000,in_sample
2024-07-25,-50.598102112549,in_sample
2024-07-26,-60.729154380825,in_sample
2024-07-29,2.827532472314,in_sample
2024-07-30,0.000000000000,in_sample
2024-07-31,71.702998254442,in_sample
2024-08-01,-30.874124400636,in_sample
2024-08-02,0.000000000000,in_sample
2024-08-05,3.747098913175,in_sample
2024-08-06,135.565305211561,in_sample
2024-08-07,-11.268634040284,in_sample
2024-08-08,165.177226563069,in_sample
2024-08-09,0.000000000000,in_sample
2024-08-12,-74.671892196507,in_sample
2024-08-13,0.000000000000,in_sample
2024-08-14,-16.155553760044,in_sample
2024-08-15,-4.068418466665,in_sample
2024-08-16,61.995222295386,in_sample
2024-08-19,-17.982750591940,in_sample
2024-08-20,0.000000000000,in_sample
2024-08-21,0.000000000000,in_sample
2024-08-22,4.371842098108,in_sample
2024-08-23,0.000000000000,in_sample
2024-08-26,0.000000000000,in_sample
2024-08-27,17.368830220246,in_sample
2024-08-28,0.000000000000,in_sample
2024-08-29,-48.203068502999,in_sample
2024-08-30,-33.578988859365,in_sample
2024-09-03,141.725634386879,in_sample
2024-09-04,-0.787983533512,in_sample
2024-09-05,68.672783095156,in_sample
2024-09-06,0.000000000000,in_sample
2024-09-09,99.343383985206,in_sample
2024-09-10,-27.520232393230,in_sample
2024-09-11,-81.863312252018,in_sample
2024-09-12,0.000000000000,in_sample
2024-09-13,0.000000000000,in_sample
2024-09-16,4.613540539476,in_sample
2024-09-17,68.807794147668,in_sample
2024-09-18,0.000000000000,in_sample
2024-09-19,22.099066302755,in_sample
2024-09-20,0.000000000000,in_sample
2024-09-23,0.000000000000,in_sample
2024-09-24,0.000000000000,in_sample
2024-09-25,0.000000000000,in_sample
2024-09-26,-10.376563979622,in_sample
2024-09-27,31.851845040005,in_sample
2024-09-30,42.264452380434,in_sample
2024-10-01,0.000000000000,in_sample
2024-10-02,0.000000000000,in_sample
2024-10-03,0.000000000000,in_sample
2024-10-04,17.883409917118,in_sample
2024-10-07,-11.790288560142,in_sample
2024-10-08,-7.393337270936,in_sample
2024-10-09,0.000000000000,in_sample
2024-10-10,0.000000000000,in_sample
2024-10-11,60.866752639230,in_sample
2024-10-14,35.860798272936,in_sample
2024-10-15,1.854055709948,in_sample
2024-10-16,0.000000000000,in_sample
2024-10-17,-6.882155666126,in_sample
2024-10-18,0.000000000000,in_sample
2024-10-21,0.000000000000,in_sample
2024-10-22,0.000000000000,in_sample
2024-10-23,0.000000000000,in_sample
2024-10-24,30.651089102481,in_sample
2024-10-25,0.000000000000,in_sample
2024-10-28,9.164203148776,in_sample
2024-10-29,0.000000000000,in_sample
2024-10-30,6.950873190926,in_sample
2024-10-31,0.000000000000,in_sample
2024-11-01,0.000000000000,in_sample
2024-11-04,-62.171897679608,in_sample
2024-11-05,-64.291667360275,in_sample
2024-11-06,159.436560572475,in_sample
2024-11-07,21.793912708670,in_sample
2024-11-08,8.550052268790,in_sample
2024-11-11,192.778997472231,in_sample
2024-11-12,19.127575671987,in_sample
2024-11-13,0.000000000000,in_sample
2024-11-14,36.571314773974,in_sample
2024-11-15,52.476888255769,in_sample
2024-11-18,9.808616338205,in_sample
2024-11-19,0.000000000000,in_sample
2024-11-20,39.542601123659,in_sample
2024-11-21,0.000000000000,in_sample
2024-11-22,-3.973109970504,in_sample
2024-11-25,-53.142805775124,in_sample
2024-11-26,-34.941623048851,in_sample
2024-11-27,30.813005782861,in_sample
2024-11-29,-15.674998707700,in_sample
2024-12-02,9.526567579417,in_sample
2024-12-03,-7.647216700275,in_sample
2024-12-04,0.000000000000,in_sample
2024-12-05,0.000000000000,in_sample
2024-12-06,54.932161727949,in_sample
2024-12-09,191.698477198606,in_sample
2024-12-10,-2.065012899793,in_sample
2024-12-11,105.685757630437,in_sample
2024-12-12,9.649054978464,in_sample
2024-12-13,0.000000000000,in_sample
2024-12-16,0.000000000000,in_sample
2024-12-17,-17.880360319421,in_sample
2024-12-18,29.933299906238,in_sample
2024-12-19,25.348173228247,in_sample
2024-12-20,0.000000000000,in_sample
2024-12-23,-6.485102925936,in_sample
2024-12-24,0.000000000000,in_sample
2024-12-26,10.751701609944,in_sample
2024-12-27,0.000000000000,in_sample
2024-12-30,0.000000000000,in_sample
2024-12-31,0.000000000000,in_sample
2025-01-02,0.000000000000,in_sample
2025-01-03,0.000000000000,in_sample
2025-01-06,13.590140119117,in_sample
2025-01-07,0.000000000000,in_sample
2025-01-08,0.000000000000,in_sample
2025-01-10,2.433148757229,in_sample
2025-01-13,0.000000000000,in_sample
2025-01-14,0.000000000000,in_sample
2025-01-15,-29.240529117926,in_sample
2025-01-16,0.000000000000,in_sample
2025-01-17,110.059947205148,in_sample
2025-01-21,-82.056138986219,in_sample
2025-01-22,-1.390610919453,in_sample
2025-01-23,0.000000000000,in_sample
2025-01-24,0.000000000000,in_sample
2025-01-27,34.410564231751,in_sample
2025-01-28,76.138837933883,in_sample
2025-01-29,5.032790888453,in_sample
2025-01-30,17.612782085072,in_sample
2025-01-31,0.000000000000,in_sample
2025-02-03,-13.390001270610,in_sample
2025-02-04,-166.098809253725,in_sample
2025-02-05,0.000000000000,in_sample
2025-02-06,0.000000000000,in_sample
2025-02-07,0.000000000000,in_sample
2025-02-10,5.948412902928,in_sample
2025-02-11,0.000000000000,in_sample
2025-02-12,0.000000000000,in_sample
2025-02-13,20.993055556988,in_sample
2025-02-14,-12.065993641583,in_sample
2025-02-18,0.000000000000,in_sample
2025-02-19,0.000000000000,in_sample
2025-02-20,-29.625760341588,in_sample
2025-02-21,-23.496712320253,in_sample
2025-02-24,0.000000000000,in_sample
2025-02-25,0.000000000000,in_sample
2025-02-26,118.455569517348,in_sample
2025-02-27,0.000000000000,in_sample
2025-02-28,-13.565215021859,in_sample
2025-03-03,0.000000000000,in_sample
2025-03-04,-17.994353102277,in_sample
2025-03-05,-59.720622277499,in_sample
2025-03-06,97.839010090118,in_sample
2025-03-07,0.000000000000,in_sample
2025-03-10,397.057009867394,in_sample
2025-03-11,-138.955452617657,in_sample
2025-03-12,6.360213819698,in_sample
2025-03-13,0.000000000000,in_sample
2025-03-14,78.748928293943,in_sample
2025-03-17,1.807313868405,in_sample
2025-03-18,-70.633757180259,in_sample
2025-03-19,110.874388158496,in_sample
2025-03-20,-13.970999091123,in_sample
2025-03-21,-8.791043864234,in_sample
2025-03-24,16.441388354918,in_sample
2025-03-25,0.000000000000,in_sample
2025-03-26,19.457852624320,in_sample
2025-03-27,0.000000000000,in_sample
2025-03-28,49.447566186483,in_sample
2025-03-31,0.000000000000,in_sample
2025-04-01,0.000000000000,in_sample
2025-04-02,0.000000000000,in_sample
2025-04-03,488.434360571932,in_sample
2025-04-04,216.614176190088,in_sample
2025-04-07,0.000000000000,in_sample
2025-04-08,0.000000000000,in_sample
2025-04-09,0.000000000000,in_sample
2025-04-10,9.459435126780,in_sample
2025-04-11,15.224242829872,in_sample
2025-04-14,0.000000000000,in_sample
2025-04-15,0.000000000000,in_sample
2025-04-16,-96.316234453241,in_sample
2025-04-17,0.000000000000,in_sample
2025-04-21,-65.825391050821,in_sample
2025-04-22,11.732829129901,in_sample
2025-04-23,-23.044778790117,in_sample
2025-04-24,147.699308110381,in_sample
2025-04-25,0.000000000000,in_sample
2025-04-28,0.000000000000,in_sample
2025-04-29,39.799454764777,in_sample
2025-04-30,-62.844572356193,in_sample
2025-05-01,-7.758874000108,in_sample
2025-05-02,-17.090841205942,in_sample
2025-05-05,-1.889090538638,in_sample
2025-05-06,4.684375951009,in_sample
2025-05-07,-25.123013125398,in_sample
2025-05-08,165.117727974128,in_sample
2025-05-09,0.616322428592,in_sample
2025-05-12,59.548393640799,in_sample
2025-05-13,87.336255888322,in_sample
2025-05-14,-48.663310032087,in_sample
2025-05-15,-19.022604325699,in_sample
2025-05-16,-15.849004239418,in_sample
2025-05-19,0.000000000000,in_sample
2025-05-20,49.982949482676,in_sample
2025-05-21,0.000000000000,in_sample
2025-05-22,-112.669925394639,in_sample
2025-05-23,3.937528296741,in_sample
2025-05-27,22.714214847369,in_sample
2025-05-28,0.000000000000,in_sample
2025-05-29,0.000000000000,in_sample
2025-05-30,0.000000000000,in_sample
2025-06-02,-162.237524977314,in_sample
2025-06-03,-33.523322025726,in_sample
2025-06-04,0.000000000000,in_sample
2025-06-05,0.000000000000,in_sample
2025-06-06,-41.618621579499,in_sample
2025-06-09,75.216180682968,in_sample
2025-06-10,0.000000000000,in_sample
2025-06-11,0.000000000000,in_sample
2025-06-12,0.000000000000,in_sample
2025-06-13,0.000000000000,in_sample
2025-06-16,-32.195725183052,in_sample
2025-06-17,132.541293546307,in_sample
2025-06-18,-61.975338619461,in_sample
2025-06-20,-30.829017190252,in_sample
2025-06-23,-209.874559556753,in_sample
2025-06-24,12.675871198499,in_sample
2025-06-25,-27.847359447113,in_sample
2025-06-26,0.000000000000,in_sample
2025-06-27,13.928636506740,in_sample
2025-06-30,25.513272866929,in_sample
2025-07-01,63.292157916926,in_sample
2025-07-02,51.041545140335,in_sample
2025-07-03,0.000000000000,in_sample
2025-07-07,11.721407197478,in_sample
2025-07-08,117.814903325704,in_sample
2025-07-09,-6.652352764283,in_sample
2025-07-10,7.056786149933,in_sample
2025-07-11,0.000000000000,in_sample
2025-07-14,-17.418000164780,in_sample
2025-07-15,-64.810345529591,in_sample
2025-07-16,-90.033277905389,in_sample
2025-07-17,0.000000000000,in_sample
2025-07-18,0.000000000000,in_sample
2025-07-21,-33.348742749739,in_sample
2025-07-22,0.000000000000,in_sample
2025-07-23,-7.453295084106,in_sample
2025-07-24,-17.147689739877,in_sample
2025-07-25,117.998924736881,in_sample
2025-07-28,0.000000000000,in_sample
2025-07-29,0.000000000000,in_sample
2025-07-30,60.363947737793,in_sample
2025-07-31,-24.474137922534,in_sample
2025-08-01,123.878591465191,in_sample
2025-08-04,35.591264958413,in_sample
2025-08-05,0.000000000000,in_sample
2025-08-06,0.000000000000,in_sample
2025-08-07,-19.101496858589,in_sample
2025-08-08,0.000000000000,in_sample
2025-08-11,175.364478292440,in_sample
2025-08-12,95.668338811872,in_sample
2025-08-13,-28.709639059995,in_sample
2025-08-14,-31.541551187424,in_sample
2025-08-15,0.000000000000,in_sample
2025-08-18,-62.228414918688,in_sample
2025-08-19,14.085530652009,in_sample
2025-08-20,134.367891562640,in_sample
2025-08-21,-48.703749083279,in_sample
2025-08-22,0.000000000000,in_sample
2025-08-25,122.349607232156,in_sample
2025-08-26,0.000000000000,in_sample
2025-08-27,-18.445081687455,in_sample
2025-08-28,0.000000000000,in_sample
2025-08-29,42.475383162229,in_sample
2025-09-02,-26.834984436882,in_sample
2025-09-03,27.362540461334,in_sample
2025-09-04,0.000000000000,in_sample
2025-09-05,-18.082555133961,in_sample
2025-09-08,0.000000000000,in_sample
2025-09-09,0.000000000000,in_sample
2025-09-10,-8.880478259490,in_sample
2025-09-11,-21.922698821835,in_sample
2025-09-12,-35.952338253095,in_sample
2025-09-15,77.269651403329,in_sample
2025-09-16,0.000000000000,in_sample
2025-09-17,0.000000000000,in_sample
2025-09-18,17.957832667840,in_sample
2025-09-19,60.263483763670,in_sample
2025-09-22,142.274080634644,in_sample
2025-09-23,0.000000000000,in_sample
2025-09-24,0.000000000000,in_sample
2025-09-25,157.546467238041,in_sample
2025-09-26,0.000000000000,in_sample
2025-09-29,-103.960795072621,in_sample
2025-09-30,31.853756483938,in_sample
2025-10-01,-15.311659630280,in_sample
2025-10-02,0.000000000000,in_sample
2025-10-03,0.000000000000,in_sample
2025-10-06,12.404238021969,in_sample
2025-10-07,21.443086212549,in_sample
2025-10-08,57.355398991758,in_sample
2025-10-09,16.927132497372,in_sample
2025-10-10,0.000000000000,in_sample
2025-10-13,110.260250970182,in_sample
2025-10-14,0.000000000000,in_sample
2025-10-15,-35.171494009580,in_sample
2025-10-16,0.000000000000,in_sample
2025-10-17,101.847742452199,in_sample
2025-10-20,0.000000000000,in_sample
2025-10-21,23.343854418031,in_sample
2025-10-22,143.969432782754,in_sample
2025-10-23,-18.390388885325,in_sample
2025-10-24,0.000000000000,in_sample
2025-10-27,11.141645738787,in_sample
2025-10-28,2.272855399689,in_sample
2025-10-29,0.000000000000,in_sample
2025-10-30,248.365992200440,in_sample
2025-10-31,-93.731543239617,in_sample
2025-11-03,187.763122385820,in_sample
2025-11-04,39.147634600235,in_sample
2025-11-05,195.330846294757,in_sample
2025-11-06,216.141049921992,in_sample
2025-11-07,0.000000000000,in_sample
2025-11-10,3.420596087932,in_sample
2025-11-11,96.438050319499,in_sample
2025-11-12,-0.363507223522,in_sample
2025-11-13,4.434706624293,in_sample
2025-11-14,-27.170636778093,in_sample
2025-11-17,103.842242115645,in_sample
2025-11-18,58.013035821641,in_sample
2025-11-19,333.975001375662,in_sample
2025-11-20,-25.911283713037,in_sample
2025-11-21,0.000000000000,in_sample
2025-11-24,213.790729551639,in_sample
2025-11-25,-106.362641315883,in_sample
2025-11-26,0.000000000000,in_sample
2025-11-28,7.639537075311,in_sample
2025-12-01,153.458359887023,in_sample
2025-12-02,523.184778832816,in_sample
2025-12-03,9.419934601272,in_sample
2025-12-04,0.000000000000,in_sample
2025-12-05,0.000000000000,in_sample
2025-12-08,40.294895816566,in_sample
2025-12-09,0.000000000000,in_sample
2025-12-10,-67.528600107063,in_sample
2025-12-11,-35.942253973089,in_sample
2025-12-12,0.000000000000,in_sample
2025-12-15,0.000000000000,in_sample
2025-12-16,-84.885595776982,in_sample
2025-12-17,-20.451723138487,in_sample
2025-12-18,-285.191776446716,in_sample
2025-12-19,-341.270211314365,in_sample
2025-12-22,-66.905818854501,in_sample
2025-12-23,0.000000000000,in_sample
2025-12-24,0.000000000000,in_sample
2025-12-26,-22.117208335918,in_sample
2025-12-29,1.645034199302,in_sample
2025-12-30,0.000000000000,in_sample
2025-12-31,0.000000000000,in_sample
2026-01-02,184.045702410607,in_sample
2026-01-05,-34.837448313000,in_sample
2026-01-06,0.000000000000,in_sample
2026-01-07,0.673356402255,in_sample
2026-01-08,7.722484578415,in_sample
2026-01-09,0.000000000000,in_sample
2026-01-12,61.523602551811,in_sample
2026-01-13,-7.761543129049,in_sample
2026-01-14,22.935326988637,in_sample
2026-01-15,0.000000000000,in_sample
2026-01-16,-10.391849988684,in_sample
2026-01-20,-70.327626854420,in_sample
2026-01-21,-31.808773841099,in_sample
2026-01-22,-18.975828515812,in_sample
2026-01-23,0.000000000000,in_sample
2026-01-26,74.040361671291,in_sample
2026-01-27,-43.996422660920,in_sample
2026-01-28,0.000000000000,in_sample
2026-01-29,288.577700927625,in_sample
2026-01-30,-5.218941972410,in_sample
2026-02-02,76.727737178839,in_sample
2026-02-03,0.000000000000,in_sample
2026-02-04,0.000000000000,in_sample
2026-02-05,0.000000000000,in_sample
2026-02-06,243.435354982848,in_sample
2026-02-09,0.000000000000,in_sample
2026-02-10,-11.809998262417,in_sample
2026-02-11,19.569997987002,in_sample
2026-02-12,0.000000000000,in_sample
2026-02-13,386.131556374835,in_sample
2026-02-17,-169.424602790461,in_sample
2026-02-18,12.853092957439,in_sample
2026-02-19,0.000000000000,in_sample
2026-02-20,0.000000000000,in_sample
2026-02-23,134.825043315956,in_sample
2026-02-24,2.970898943767,in_sample
2026-02-25,551.204541662689,in_sample
2026-02-26,37.888267126619,in_sample
2026-02-27,26.325216861112,in_sample
2026-03-02,-12.033652098312,in_sample
2026-03-03,-461.469992796836,in_sample
2026-03-04,293.134647324907,in_sample
2026-03-05,86.202110786494,in_sample
2026-03-06,48.515612145782,in_sample
2026-03-09,-128.293004868970,in_sample
2026-03-10,0.000000000000,in_sample
2026-03-11,55.008058640374,in_sample
2026-03-12,15.756756815673,in_sample
2026-03-13,-197.867291584930,in_sample
2026-03-16,-61.391670020439,in_sample
2026-03-17,0.000000000000,in_sample
2026-03-18,44.731876666526,in_sample
2026-03-19,0.000000000000,in_sample
2026-03-20,0.000000000000,in_sample
2026-03-23,-85.155386560806,in_sample
2026-03-24,0.000000000000,in_sample
2026-03-25,2.372886967229,in_sample
2026-03-26,146.450199112813,in_sample
2026-03-27,-3.881461966090,in_sample
2026-03-30,-63.579868447059,in_sample
2026-03-31,379.175409503246,in_sample
2026-04-01,0.000000000000,in_sample
2026-04-02,-17.667788310736,in_sample
2026-04-06,0.000000000000,in_sample
2026-04-07,0.000000000000,in_sample
2026-04-08,-10.752621888886,in_sample
2026-04-09,0.000000000000,in_sample
2026-04-10,40.355315217488,in_sample
2026-04-13,0.000000000000,in_sample
2026-04-14,0.000000000000,in_sample
2026-04-15,0.000000000000,in_sample
2026-04-16,68.508798947058,in_sample
2026-04-17,-54.276943561189,in_sample
2026-04-20,0.000000000000,in_sample
2026-04-21,0.000000000000,in_sample
2026-04-22,-83.892323053532,in_sample
2026-04-23,-9.013148143635,in_sample
2026-04-24,66.134106778600,in_sample
2026-04-27,-32.779904743347,in_sample
2026-04-28,-57.780594563859,in_sample
2026-04-29,0.000000000000,in_sample
2026-04-30,27.000102698239,in_sample
2026-05-01,-42.580815468724,in_sample
2026-05-04,0.000000000000,in_sample
2026-05-05,44.567504260963,in_sample
2026-05-06,-3.795559423614,in_sample
2026-05-07,0.000000000000,in_sample
2026-05-08,116.935606872368,in_sample
2026-05-11,25.055305039988,in_sample
2026-05-12,-19.980197683872,in_sample
2026-05-13,7.266599065310,in_sample
2026-05-14,-4.738113251680,in_sample
2026-05-15,-142.769401280067,in_sample
2026-05-18,-59.444873075495,in_sample
2026-05-19,40.020669146298,in_sample
2026-05-20,22.312526441087,in_sample
2026-05-21,0.000000000000,out_of_sample
2026-05-22,0.000000000000,out_of_sample
2026-05-26,85.652335654818,out_of_sample
2026-05-27,-10.623177493315,out_of_sample
2026-05-28,0.000000000000,out_of_sample
2026-05-29,0.000000000000,out_of_sample
2026-06-01,-73.069568336483,out_of_sample
2026-06-02,-4.382504875962,out_of_sample
2026-06-03,0.000000000000,out_of_sample
2026-06-04,-131.577245036617,out_of_sample
2026-06-05,434.533733253617,out_of_sample
2026-06-08,-0.256910382298,out_of_sample
2026-06-09,81.209497561406,out_of_sample
2026-06-10,-16.814418701722,out_of_sample
2026-06-11,112.330415465988,out_of_sample
2026-06-12,0.000000000000,out_of_sample
2026-06-15,8.418472080791,out_of_sample
2026-06-16,0.000000000000,out_of_sample
2026-06-17,-167.346489264511,out_of_sample
2026-06-18,115.658548920074,out_of_sample
2026-06-22,1.038422314058,out_of_sample
2026-06-23,7.042725979308,out_of_sample
2026-06-24,-6.864706465122,out_of_sample
2026-06-25,-13.628460509885,out_of_sample
2026-06-26,112.758160025480,out_of_sample
2026-06-29,-42.706881105985,out_of_sample
2026-06-30,-60.202074593718,out_of_sample
2026-07-01,94.172892535852,out_of_sample
2026-07-02,0.000000000000,out_of_sample
2026-07-06,38.451347984533,out_of_sample
2026-07-07,-89.133613946921,out_of_sample
2026-07-08,-81.238045114912,out_of_sample
2026-07-09,0.000000000000,out_of_sample
2026-07-10,0.000000000000,out_of_sample
2026-07-13,-61.970031527617,out_of_sample
2026-07-14,-29.182772867528,out_of_sample
2026-07-15,0.000000000000,out_of_sample
2026-07-16,0.000000000000,out_of_sample
2026-07-17,0.000000000000,out_of_sample
2026-07-20,24.391061083660,out_of_sample
2026-07-21,40.934238353535,out_of_sample
2026-07-22,0.000000000000,out_of_sample
2026-07-23,-14.099281932695,out_of_sample
2026-07-24,14.090225862909,out_of_sample
2026-07-27,4.069628066097,out_of_sample
2026-07-28,0.000000000000,out_of_sample
2026-07-29,-35.358858920080,out_of_sample
2026-07-30,106.241290194809,out_of_sample
2026-07-31,-36.877181480818,out_of_sample
2026-08-03,0.000000000000,out_of_sample
2026-08-04,-18.714590378282,out_of_sample
2026-08-05,-11.166711871176,out_of_sample
2026-08-06,0.000000000000,out_of_sample
2026-08-07,0.000000000000,out_of_sample
2026-08-10,0.268607583214,out_of_sample
2026-08-11,-19.542568604533,out_of_sample
2026-08-12,-9.702294838397,out_of_sample
2026-08-13,0.000000000000,out_of_sample
2026-08-14,0.000000000000,out_of_sample
2026-08-17,-14.431938282712,out_of_sample
2026-08-18,64.910993958992,out_of_sample
2026-08-19,29.032121255633,out_of_sample
2026-08-20,0.000000000000,out_of_sample
2026-08-21,0.000000000000,out_of_sample
2026-08-24,-0.762769652694,out_of_sample
2026-08-25,-0.407938786078,out_of_sample
2026-08-26,0.000000000000,out_of_sample
2026-08-27,31.030465295868,out_of_sample
2026-08-28,-49.977205570628,out_of_sample
2026-08-31,0.000000000000,out_of_sample
2026-09-01,-4.425458038731,out_of_sample
2026-09-02,-19.528471856875,out_of_sample
2026-09-03,143.533850258542,out_of_sample
2026-09-04,-129.628322665736,out_of_sample
2026-09-08,-16.014732524372,out_of_sample
2026-09-09,0.000000000000,out_of_sample
2026-09-10,-0.748179813078,out_of_sample
2026-09-11,-7.603321640567,out_of_sample
2026-09-14,-33.529030125026,out_of_sample
2026-09-15,168.414117877236,out_of_sample
2026-09-16,-20.466403527025,out_of_sample
2026-09-17,11.191174558128,out_of_sample
2026-09-18,409.578403440252,out_of_sample
2026-09-21,95.351377720289,out_of_sample
2026-09-22,-38.143306579322,out_of_sample
2026-09-23,-10.105101158180,out_of_sample
2026-09-24,0.000000000000,out_of_sample
2026-09-25,56.518534824182,out_of_sample
2026-09-28,75.338360581404,out_of_sample
